UserID,Registration_Clicks,Correct_Login,Wrong_Login
0,"[(0.1, 0.21), (0.88, 0.83), (0.98, 0.56)]","[(0.12345123600832977, 0.22786575216496135), (0.8777567032921176, 0.8235758866029989), (0.9570894289484762, 0.5448399060944736)]","[(0.61, 0.41), (0.3, 0.85), (0.53, 0.22)]"
1,"[(0.92, 0.26), (0.27, 0.59), (0.25, 0.74)]","[(0.9256698555355438, 0.25634989820466525), (0.2801522081323451, 0.5871216886744106), (0.22853614218150736, 0.7275022595275324)]","[(0.09, 0.38), (0.13, 0.77), (0.87, 0.84)]"
2,"[(1.0, 0.6), (0.1, 0.8), (0.28, 0.75)]","[(1.0142942918921136, 0.6283440059105876), (0.11734241363207465, 0.828078062101439), (0.28637821801377017, 0.7735779706276606)]","[(0.82, 0.57), (0.55, 0.23), (0.93, 0.38)]"
3,"[(0.85, 0.65), (0.2, 0.26), (0.41, 0.13)]","[(0.8519719663329124, 0.6692446404331518), (0.20787271292366866, 0.252765242705239), (0.38101093600317515, 0.13424147028568542)]","[(0.3, 0.61), (0.97, 0.73), (0.93, 0.88)]"
4,"[(0.92, 0.23), (0.25, 0.07), (0.88, 0.6)]","[(0.9360974611818679, 0.2452953797205713), (0.22735009011371288, 0.0886710615352244), (0.9094569686597898, 0.5837618275357357)]","[(0.09, 0.17), (0.52, 0.14), (0.58, 0.42)]"
5,"[(0.44, 0.14), (0.01, 0.24), (0.87, 0.58)]","[(0.4423723442324629, 0.15315349267214515), (-0.01953825027039658, 0.2658106975948162), (0.8511745412680837, 0.5616190496891855)]","[(0.72, 0.04), (0.85, 0.04), (1.0, 0.03)]"
6,"[(0.18, 0.54), (0.69, 0.87), (0.56, 0.58)]","[(0.1930527620889018, 0.5379181605439746), (0.6814524072045021, 0.848553758276427), (0.5496264813524406, 0.5640569907597504)]","[(0.8, 0.13), (0.68, 0.86), (0.08, 0.59)]"
7,"[(0.53, 0.54), (0.52, 0.28), (0.07, 0.94)]","[(0.5090056185451918, 0.5680590955044476), (0.4960340158123337, 0.29968922028294576), (0.09341194246900175, 0.9270981694755377)]","[(0.48, 0.09), (0.29, 0.14), (0.97, 0.37)]"
8,"[(0.29, 0.18), (0.84, 0.16), (0.91, 0.6)]","[(0.2840625742345803, 0.183624969832557), (0.8655108641774741, 0.15376839897080874), (0.8995221274671961, 0.6120047494713204)]","[(0.86, 0.28), (0.98, 0.56), (0.41, 0.43)]"
9,"[(0.22, 0.76), (0.25, 0.94), (0.93, 0.81)]","[(0.2032498718989795, 0.7728344780021649), (0.2465877899077934, 0.9139163409030341), (0.9236437001226449, 0.8395447239944195)]","[(0.03, 0.22), (0.92, 0.45), (0.2, 0.01)]"
10,"[(0.05, 0.84), (0.87, 0.89), (0.83, 0.7)]","[(0.06109048246916342, 0.8328277308590177), (0.8636278919479068, 0.8896535490096172), (0.8006542253396579, 0.6947028926611394)]","[(0.7, 0.64), (0.82, 0.9), (0.55, 0.76)]"
11,"[(0.39, 0.82), (0.32, 0.34), (0.23, 0.09)]","[(0.38658225664532125, 0.8430652599235471), (0.2905711495992401, 0.3302355977819365), (0.20794590945719468, 0.10770200005544026)]","[(0.85, 0.51), (0.93, 0.3), (0.02, 0.07)]"
12,"[(0.39, 0.55), (0.39, 0.97), (0.83, 0.15)]","[(0.37380543219848206, 0.5482596668850908), (0.36275052157319965, 0.9542591961242175), (0.8337984492421993, 0.14275058113952227)]","[(0.67, 0.8), (0.27, 0.43), (0.21, 0.5)]"
13,"[(0.07, 0.65), (0.83, 0.15), (0.81, 0.78)]","[(0.08721150825607128, 0.6452456550103147), (0.8138402810887362, 0.12490945747242282), (0.7894896961252974, 0.7929650681439459)]","[(0.01, 0.07), (0.38, 0.67), (0.75, 0.5)]"
14,"[(0.28, 0.62), (0.41, 0.39), (0.33, 0.51)]","[(0.27283224341995077, 0.5906144430787037), (0.437470719984641, 0.3621487096665642), (0.35525242255729605, 0.5256683224316677)]","[(0.47, 0.81), (0.09, 0.65), (0.89, 0.31)]"
15,"[(0.78, 0.97), (0.46, 0.32), (0.08, 0.7)]","[(0.7769000183564247, 0.9648190156439388), (0.4459295706491073, 0.3138654905516358), (0.1029694470702652, 0.6986909422415428)]","[(0.36, 0.92), (0.91, 0.57), (0.95, 0.3)]"
16,"[(0.55, 0.25), (0.96, 0.14), (0.4, 0.65)]","[(0.5427772096341499, 0.22950418862150668), (0.9747005990865916, 0.14109435443742918), (0.3702023807445974, 0.6571502941865359)]","[(0.55, 0.5), (0.52, 0.89), (0.25, 0.11)]"
17,"[(0.27, 0.71), (0.87, 0.14), (0.39, 0.45)]","[(0.2712549229735034, 0.703558171698384), (0.8595881718793038, 0.14294657528918614), (0.3674268170431925, 0.4348845912766382)]","[(0.44, 0.92), (0.49, 0.34), (0.39, 0.67)]"
18,"[(0.25, 0.1), (0.85, 0.84), (0.63, 0.6)]","[(0.2710939508384497, 0.1217086973967148), (0.8773753969140433, 0.8142688312230072), (0.6114604110710098, 0.6196273208265035)]","[(0.46, 0.02), (0.27, 0.44), (0.24, 0.7)]"
19,"[(0.73, 0.7), (0.63, 0.13), (0.38, 0.87)]","[(0.7215119660578478, 0.6752373639800784), (0.6233401590158024, 0.13110007195920506), (0.40553262685062474, 0.8715217304694235)]","[(0.23, 0.77), (0.57, 0.24), (0.43, 0.43)]"
20,"[(0.33, 0.72), (0.44, 0.3), (0.01, 0.52)]","[(0.3300652799950384, 0.7404744397535599), (0.41883914784331294, 0.2983934132821571), (0.017596003365154947, 0.512135189012876)]","[(0.44, 0.8), (0.77, 0.66), (0.62, 0.51)]"
21,"[(0.28, 0.89), (0.6, 0.98), (0.73, 0.31)]","[(0.25931894048383947, 0.8866224584857655), (0.5949122083643246, 0.9766065346189317), (0.7306626609395125, 0.3159952975049904)]","[(0.54, 0.17), (0.78, 0.69), (0.78, 0.36)]"
22,"[(0.02, 0.13), (0.05, 0.66), (0.07, 0.17)]","[(0.004844654205145788, 0.13068415022777086), (0.06328737701918333, 0.6407024696185766), (0.08055521211754349, 0.14640184975149517)]","[(0.29, 0.24), (0.48, 0.54), (0.41, 0.51)]"
23,"[(0.36, 0.02), (0.39, 0.14), (0.11, 0.12)]","[(0.36514383326946875, 0.02252021402278449), (0.38457072643351303, 0.11943559395284839), (0.09094453663315073, 0.12783895703091985)]","[(0.75, 0.28), (0.03, 0.38), (0.51, 0.08)]"
24,"[(0.55, 0.02), (0.42, 0.99), (0.66, 0.08)]","[(0.5720524667530157, 0.02270045811014391), (0.41062564380469063, 0.9985160367807453), (0.6875149409928563, 0.0547351768221271)]","[(0.32, 0.59), (0.97, 0.55), (0.06, 0.61)]"
25,"[(0.56, 0.95), (0.25, 0.93), (0.76, 0.95)]","[(0.5511616705192338, 0.958269988825857), (0.27829678125231083, 0.935110442010588), (0.7596720235495261, 0.9628364061513491)]","[(0.48, 0.25), (0.48, 0.46), (0.76, 0.41)]"
26,"[(0.74, 0.84), (0.61, 0.64), (0.96, 0.73)]","[(0.758414432869274, 0.8457446128437193), (0.5904963804147609, 0.63858615869282), (0.9473696999741014, 0.7478299803681218)]","[(0.3, 0.53), (0.05, 0.77), (0.1, 0.35)]"
27,"[(0.57, 0.6), (0.5, 0.48), (0.43, 0.96)]","[(0.5549492631217763, 0.578320454025294), (0.48912413690227685, 0.495995253418739), (0.4409974875501309, 0.9839563480613008)]","[(0.68, 0.68), (0.55, 0.82), (0.26, 0.04)]"
28,"[(0.03, 0.87), (0.7, 0.25), (0.13, 0.97)]","[(0.03963338249056107, 0.8635405289354166), (0.6817712894421334, 0.2712933273199471), (0.1397866417616467, 0.9753122117560579)]","[(0.25, 0.89), (0.99, 0.86), (0.43, 0.55)]"
29,"[(0.24, 0.15), (0.83, 0.31), (0.38, 0.96)]","[(0.2227366580776561, 0.13829113866468523), (0.8125991407070222, 0.29946051082926434), (0.39801009031436785, 0.9411693348820531)]","[(0.28, 0.78), (1.0, 0.46), (0.61, 0.57)]"
30,"[(0.24, 0.67), (0.43, 0.87), (0.13, 0.06)]","[(0.2614151909113331, 0.6594192126056425), (0.41221131951157863, 0.8592631690975843), (0.11380294602946672, 0.08819850894753686)]","[(0.03, 0.77), (0.7, 0.32), (0.52, 0.02)]"
31,"[(0.98, 0.93), (0.14, 0.21), (0.6, 0.83)]","[(0.9689614977959771, 0.9162585012794215), (0.15798303736519076, 0.20811289971183117), (0.6144070629096742, 0.809958616464865)]","[(0.07, 0.19), (0.89, 0.45), (0.62, 0.33)]"
32,"[(0.45, 0.52), (0.11, 0.43), (0.71, 0.84)]","[(0.4374478203639304, 0.504833953974961), (0.11810214053989318, 0.4375350761596469), (0.720322626616591, 0.8268374154915732)]","[(0.98, 0.65), (0.75, 0.71), (0.5, 0.33)]"
33,"[(0.31, 0.6), (0.4, 0.83), (0.36, 0.8)]","[(0.312902307059283, 0.6225380772001792), (0.39395067677607476, 0.8017256803961978), (0.3767378039792335, 0.8158970363160304)]","[(0.48, 0.07), (0.43, 0.61), (0.16, 0.87)]"
34,"[(0.83, 0.74), (0.16, 0.24), (0.26, 0.32)]","[(0.8539599166838875, 0.7339344786470626), (0.15482165527371025, 0.24420890037309534), (0.2523187151345173, 0.3281419698231354)]","[(0.9, 0.56), (0.86, 0.32), (0.44, 0.77)]"
35,"[(0.02, 0.2), (0.55, 0.23), (0.74, 0.09)]","[(0.0019847174132200697, 0.19188727750682183), (0.5407886632970214, 0.21527833699510765), (0.7156690993662161, 0.11885669687466613)]","[(0.46, 0.46), (0.78, 0.94), (0.0, 0.16)]"
36,"[(0.51, 0.24), (0.66, 0.69), (0.42, 0.09)]","[(0.49907734659723946, 0.2667717626700693), (0.6892275243983956, 0.6993169690199433), (0.40787355136000303, 0.11524576299448286)]","[(0.08, 0.94), (0.98, 0.46), (0.21, 0.99)]"
37,"[(0.2, 0.39), (0.22, 0.01), (0.82, 0.17)]","[(0.17806447899506747, 0.3940574528237406), (0.1943673042119931, -0.004662870609594846), (0.8079845189328339, 0.14633196014320735)]","[(0.22, 0.46), (0.66, 0.62), (0.9, 0.22)]"
38,"[(0.8, 0.76), (0.18, 0.36), (0.65, 0.46)]","[(0.8081059621621691, 0.7511292180664513), (0.19195112484132137, 0.35321440056022957), (0.6248840840548983, 0.48290798230236814)]","[(0.81, 0.2), (0.85, 0.68), (0.34, 0.93)]"
39,"[(0.69, 0.4), (0.4, 0.07), (0.92, 0.06)]","[(0.6762707662058355, 0.38193107127862763), (0.41392227682511845, 0.0825143525353439), (0.9241842444514058, 0.07126773618612312)]","[(0.39, 0.95), (0.98, 0.65), (0.59, 0.56)]"
40,"[(0.27, 0.64), (0.14, 0.28), (0.38, 0.36)]","[(0.2868748543065814, 0.6458965048662886), (0.12839010061118503, 0.25764722453941674), (0.3739325838405613, 0.3342706755487605)]","[(0.7, 0.65), (0.79, 0.4), (0.66, 0.73)]"
41,"[(0.91, 0.68), (0.72, 0.12), (0.1, 0.7)]","[(0.93015742032405, 0.6800671439540545), (0.7250841302404878, 0.12136808458194101), (0.07508562602488941, 0.6810582038478892)]","[(0.56, 0.53), (0.21, 0.94), (0.36, 0.21)]"
42,"[(0.15, 0.13), (0.3, 0.35), (0.23, 0.72)]","[(0.13091109254972383, 0.10760633506994301), (0.2906758981053296, 0.32410754647312956), (0.23822987573927562, 0.7388827530565595)]","[(0.66, 0.11), (0.14, 0.26), (1.0, 0.96)]"
43,"[(0.8, 0.85), (0.05, 0.06), (0.06, 0.23)]","[(0.8024225713401507, 0.862340577531503), (0.03261126028310173, 0.084002883520465), (0.08157285651383503, 0.24181743168653586)]","[(0.9, 0.58), (0.59, 0.09), (0.02, 0.97)]"
44,"[(0.6, 0.99), (0.82, 0.56), (0.27, 0.1)]","[(0.6059982084585609, 0.9629453434981252), (0.807134398152339, 0.5731224297431481), (0.25999722913737805, 0.1142227814147447)]","[(0.55, 0.05), (0.75, 0.83), (0.68, 0.65)]"
45,"[(0.25, 0.43), (0.7, 0.14), (0.35, 0.14)]","[(0.23018445764642775, 0.40684618205976375), (0.6757523656134301, 0.14998258322462288), (0.36192244226067544, 0.15774495930180882)]","[(0.51, 0.41), (0.14, 0.3), (0.45, 0.44)]"
46,"[(0.72, 0.47), (0.12, 0.65), (0.79, 0.26)]","[(0.6996647641715017, 0.48096297925747167), (0.14462282419238578, 0.6725028606991692), (0.7680973575541481, 0.26120324730343236)]","[(0.34, 0.47), (0.85, 0.04), (0.49, 0.16)]"
47,"[(0.43, 0.28), (0.52, 0.37), (0.17, 0.05)]","[(0.4262130122923021, 0.2709848732938221), (0.5467821361248704, 0.34145375411003437), (0.17895515216972863, 0.02768336824191655)]","[(0.68, 0.49), (0.93, 0.23), (0.25, 0.33)]"
48,"[(0.01, 0.45), (0.21, 0.79), (0.01, 0.82)]","[(0.024324626033558963, 0.42534145516834937), (0.22018372745219925, 0.7954156238427086), (-0.011923936218432468, 0.7934201115595224)]","[(0.86, 0.63), (0.95, 0.56), (0.45, 0.34)]"
49,"[(0.13, 0.34), (0.48, 0.14), (0.15, 0.06)]","[(0.10202009957124356, 0.33251011860975055), (0.5087722343868434, 0.1263132766214022), (0.16453979426320078, 0.03164430862057389)]","[(0.83, 0.22), (0.09, 0.93), (0.26, 0.52)]"
50,"[(0.62, 0.98), (0.75, 0.73), (0.42, 0.02)]","[(0.6448347518732127, 0.962212553432275), (0.7405460130740533, 0.7576564449190553), (0.42112900439402057, 0.03926080497435534)]","[(0.95, 0.97), (0.56, 0.39), (0.65, 0.73)]"
51,"[(0.9, 0.72), (0.0, 0.16), (0.25, 0.61)]","[(0.9022933446842312, 0.7096754374678116), (-0.0267865100837795, 0.1416312729665973), (0.2649624484495543, 0.6268124177644113)]","[(0.01, 0.44), (0.23, 0.12), (0.46, 0.8)]"
52,"[(0.64, 0.4), (0.83, 0.17), (0.08, 0.77)]","[(0.6646724489704113, 0.39148572879340465), (0.8380535747000785, 0.1472797028953527), (0.08216008498373663, 0.7852627569826065)]","[(0.01, 0.56), (0.09, 0.71), (0.34, 0.53)]"
53,"[(0.49, 0.13), (0.24, 0.2), (0.56, 0.99)]","[(0.5099253734798226, 0.11256196491476045), (0.2467575855626405, 0.18775227948407078), (0.5444386921310276, 0.9675829866670618)]","[(0.07, 0.53), (0.22, 0.29), (0.5, 0.9)]"
54,"[(0.2, 0.59), (0.03, 0.14), (0.46, 0.78)]","[(0.18533045060494616, 0.6090656662453598), (0.01541707228596213, 0.12342083848498886), (0.4514276022762635, 0.8023493923177143)]","[(0.1, 0.48), (0.18, 0.84), (0.72, 0.62)]"
55,"[(0.3, 0.79), (0.08, 0.07), (0.06, 0.61)]","[(0.3226699323315956, 0.8160886618166985), (0.052423828742425835, 0.06260150947935406), (0.05779788990376966, 0.6208749994640914)]","[(0.7, 0.17), (0.49, 0.04), (0.42, 0.15)]"
56,"[(0.35, 0.89), (0.04, 0.81), (0.71, 0.71)]","[(0.3377273279269724, 0.9169853920574101), (0.02938676754927511, 0.82886472940545), (0.6817841742875983, 0.6907143700340101)]","[(0.26, 0.65), (0.93, 0.76), (0.97, 0.77)]"
57,"[(0.15, 0.7), (0.13, 0.63), (0.62, 0.82)]","[(0.1394903368372328, 0.6804858935347592), (0.1542730553522891, 0.6229661391693663), (0.6020634947542571, 0.8336718661925865)]","[(0.71, 0.09), (0.88, 0.3), (0.95, 0.25)]"
58,"[(0.95, 0.51), (0.38, 0.2), (0.16, 0.29)]","[(0.968795457945983, 0.493857439804367), (0.36621819944540834, 0.19973887341071261), (0.1398705824489824, 0.27498461576272637)]","[(0.71, 0.12), (0.21, 0.02), (0.48, 0.16)]"
59,"[(0.79, 0.93), (0.24, 0.39), (0.4, 0.62)]","[(0.7831086236136444, 0.9271524536643612), (0.21014175298003301, 0.39214256708466094), (0.3966738912739597, 0.5918000023908423)]","[(0.95, 0.5), (0.88, 0.46), (0.77, 0.63)]"
60,"[(0.33, 0.17), (0.04, 0.46), (0.72, 0.6)]","[(0.31126746575477615, 0.188828163024593), (0.045824889655537764, 0.47941856870659905), (0.7409274165000098, 0.5920386944971642)]","[(0.97, 0.13), (0.71, 0.5), (0.67, 0.16)]"
61,"[(0.83, 0.56), (0.91, 0.76), (0.22, 0.34)]","[(0.8391860487848625, 0.5824894040128155), (0.8840020121702664, 0.7595131070465722), (0.2364029315702709, 0.3455269340531582)]","[(0.99, 0.88), (0.03, 0.3), (0.89, 0.88)]"
62,"[(0.09, 0.58), (0.3, 0.04), (0.94, 0.23)]","[(0.06702511230896602, 0.5585029602612409), (0.3042003836009267, 0.04295859910221608), (0.9627335341255066, 0.2369803842526927)]","[(0.34, 0.93), (0.98, 0.98), (0.3, 0.45)]"
63,"[(0.69, 0.89), (0.14, 0.09), (1.0, 0.06)]","[(0.6743277456606876, 0.8716051376406967), (0.12120139054979939, 0.11710633983065794), (1.0223696009571566, 0.06739445213207451)]","[(0.58, 0.33), (0.71, 0.8), (0.5, 0.98)]"
64,"[(0.28, 0.05), (0.89, 0.66), (0.92, 0.06)]","[(0.2835972574878239, 0.06989235217822812), (0.8905525241384086, 0.6863897241796952), (0.9007979406728852, 0.03631902678646634)]","[(0.22, 0.73), (0.91, 0.54), (0.0, 0.32)]"
65,"[(0.28, 0.64), (0.07, 0.9), (0.86, 0.98)]","[(0.2576194902368029, 0.6611898800761179), (0.054004070132775514, 0.9052966740994512), (0.8776668181890134, 1.006614360454568)]","[(0.99, 0.63), (0.13, 0.88), (0.57, 0.57)]"
66,"[(0.19, 0.68), (0.72, 0.14), (1.0, 0.7)]","[(0.17180026365727624, 0.7078888967450268), (0.7176524443669141, 0.16363539735414873), (0.9754880138677818, 0.718675732518418)]","[(0.44, 0.09), (0.23, 0.66), (0.07, 0.52)]"
67,"[(0.37, 0.69), (0.32, 0.14), (0.42, 0.72)]","[(0.3728391196845158, 0.6918614780419078), (0.3061136576453796, 0.12820679856557007), (0.39927482904230993, 0.6980428580013525)]","[(0.95, 0.58), (0.83, 0.87), (0.15, 0.9)]"
68,"[(0.42, 0.45), (0.57, 0.47), (0.14, 0.87)]","[(0.4475160142232276, 0.47396387742690516), (0.5620485970701193, 0.4694669012597532), (0.15622025333146072, 0.8661673901509431)]","[(0.32, 0.26), (0.91, 0.1), (0.68, 0.11)]"
69,"[(0.68, 0.77), (0.21, 0.21), (0.73, 0.99)]","[(0.6662871463199198, 0.7603378790675716), (0.2265775921920313, 0.23702616995151457), (0.7037774086259609, 1.0178723376301098)]","[(0.63, 0.78), (0.03, 0.79), (0.05, 0.63)]"
70,"[(0.91, 0.31), (0.64, 0.49), (0.14, 0.28)]","[(0.9280179115545799, 0.3201049396860215), (0.6605816948224831, 0.48015190474353997), (0.15554892864380565, 0.25094152272440495)]","[(0.48, 0.13), (0.5, 0.81), (0.12, 0.04)]"
71,"[(0.18, 0.86), (0.72, 0.75), (0.16, 0.37)]","[(0.18899004873622494, 0.8324089155182514), (0.7477390308478181, 0.7337517100593585), (0.18130504861470742, 0.36489050272176504)]","[(0.83, 0.49), (0.08, 0.73), (0.82, 0.02)]"
72,"[(0.46, 0.44), (0.97, 0.54), (0.96, 0.16)]","[(0.4452918304592518, 0.43197252364807787), (0.9743997969307792, 0.5382948154906596), (0.9301627327726402, 0.18199728590190253)]","[(0.73, 0.01), (0.26, 0.06), (0.86, 0.97)]"
73,"[(0.65, 0.98), (0.81, 0.57), (0.63, 0.09)]","[(0.6594589508212739, 0.9595662775700696), (0.7952527732082789, 0.5737485248403142), (0.6101419798807695, 0.11650144662047271)]","[(0.61, 0.63), (0.05, 0.83), (0.93, 0.34)]"
74,"[(0.61, 0.12), (0.26, 0.62), (0.82, 0.3)]","[(0.611324684973364, 0.1472209395597649), (0.2496323292062017, 0.6359499461823181), (0.8135502760769906, 0.2898854606300867)]","[(0.65, 0.29), (0.42, 0.34), (0.34, 0.06)]"
75,"[(0.54, 0.3), (0.72, 0.98), (0.58, 0.99)]","[(0.5319018511286241, 0.2774380438713707), (0.7493465704493617, 0.9565600064513355), (0.5553666655561905, 0.9888074962220149)]","[(0.49, 0.65), (0.61, 0.3), (0.94, 0.85)]"
76,"[(0.43, 0.31), (0.74, 0.34), (0.99, 0.81)]","[(0.44969907246099894, 0.31212470683788707), (0.7470922964256728, 0.3363627193885469), (0.9695250510978695, 0.7898304499726558)]","[(0.65, 0.2), (0.84, 0.87), (0.03, 0.79)]"
77,"[(0.38, 0.37), (0.37, 0.45), (0.36, 0.31)]","[(0.40340723392966144, 0.34693755825112266), (0.3879610591581997, 0.47456683805477146), (0.3898515620331554, 0.3384557794085594)]","[(0.1, 0.58), (0.45, 0.69), (0.3, 0.6)]"
78,"[(0.34, 0.79), (0.03, 0.19), (0.11, 0.29)]","[(0.3295340086052415, 0.7933497262728109), (0.010293914838115068, 0.21121180187440325), (0.1037003695818542, 0.28006056441310967)]","[(0.41, 0.68), (0.01, 0.17), (0.37, 0.5)]"
79,"[(0.31, 0.79), (0.85, 0.81), (0.09, 0.91)]","[(0.2956041577913821, 0.7877557567723464), (0.8687548780575066, 0.786583640366525), (0.11494088627414319, 0.9214383874976109)]","[(0.93, 0.52), (0.18, 0.89), (0.26, 0.3)]"
80,"[(0.2, 0.04), (0.36, 0.4), (0.58, 0.02)]","[(0.195605884521513, 0.03825049685480407), (0.3416793709330446, 0.39282438770471195), (0.6095761736313164, 0.042361745654748)]","[(0.83, 0.26), (0.55, 0.72), (0.73, 0.23)]"
81,"[(0.61, 0.74), (0.34, 0.62), (0.0, 0.85)]","[(0.5968428849689728, 0.7147246574807422), (0.332457639205452, 0.6221680470386773), (-0.008783538163324275, 0.8359767339913582)]","[(0.88, 0.43), (0.62, 0.37), (0.39, 0.12)]"
82,"[(0.59, 0.4), (0.8, 0.49), (0.95, 0.58)]","[(0.5959852571019504, 0.41731106751822444), (0.7769810609199559, 0.5073674418443263), (0.9764413308856286, 0.5635564822727368)]","[(0.23, 0.69), (0.06, 0.12), (0.75, 0.59)]"
83,"[(0.75, 0.93), (0.43, 0.86), (0.06, 0.25)]","[(0.7658977568930043, 0.9328887167117472), (0.4283243615630927, 0.836275700696284), (0.08824916563320812, 0.23153778433322036)]","[(0.48, 0.95), (0.81, 0.64), (0.53, 0.98)]"
84,"[(0.03, 0.58), (0.14, 0.11), (0.59, 0.54)]","[(0.058243063215563565, 0.5904590444090608), (0.15540462860978993, 0.12024795298249405), (0.5917035416203485, 0.5167771198972964)]","[(0.27, 0.19), (0.72, 0.67), (0.92, 0.61)]"
85,"[(0.47, 0.49), (0.66, 0.39), (0.0, 0.67)]","[(0.4523896092788679, 0.47125230763462644), (0.6820947446598993, 0.37549121635502547), (0.01351382910200987, 0.6658896844406971)]","[(0.31, 0.7), (0.34, 0.25), (0.25, 0.85)]"
86,"[(0.93, 0.28), (0.79, 0.91), (0.72, 0.85)]","[(0.9107396178349898, 0.2844587279837529), (0.815023051387054, 0.9013763393915105), (0.7150244250454869, 0.8452448437643337)]","[(0.13, 0.15), (0.51, 0.99), (0.87, 0.71)]"
87,"[(0.94, 0.63), (0.74, 0.36), (0.52, 0.56)]","[(0.9679629007191953, 0.6013840668643369), (0.7456332153859334, 0.3892214365760453), (0.5154166342538279, 0.5557858612358708)]","[(0.66, 0.92), (0.17, 0.96), (0.45, 0.41)]"
88,"[(0.57, 0.29), (0.1, 0.53), (0.75, 0.78)]","[(0.5846902002585057, 0.3093595477528829), (0.12276955537857001, 0.5071378323261877), (0.7630758412941242, 0.7878423874025515)]","[(0.24, 0.08), (0.58, 0.21), (0.89, 0.08)]"
89,"[(0.81, 0.64), (0.22, 0.8), (0.64, 0.22)]","[(0.787579294747128, 0.6413107946964635), (0.21747952463441128, 0.8111208932235003), (0.6453291348510074, 0.206264441363802)]","[(0.23, 0.18), (0.17, 0.12), (0.36, 0.81)]"
90,"[(0.2, 0.29), (0.34, 0.2), (0.6, 0.74)]","[(0.1847289602702523, 0.2705044574590849), (0.32272237943926285, 0.18586537828819766), (0.6199737547300979, 0.7116505428904351)]","[(0.64, 0.42), (0.41, 0.04), (0.02, 0.59)]"
91,"[(0.71, 0.02), (0.03, 0.56), (0.24, 0.98)]","[(0.6998981686799373, 0.007624659561637225), (0.013844503500484773, 0.5444833195314311), (0.21335056116768872, 0.9648175796518754)]","[(0.67, 0.35), (0.57, 0.18), (0.64, 0.14)]"
92,"[(0.64, 0.97), (0.14, 0.09), (0.42, 0.03)]","[(0.6629585185981386, 0.9972525624681695), (0.11554894276520622, 0.0746178986869944), (0.4173257152866114, 0.0380907023955166)]","[(0.14, 0.37), (0.04, 0.92), (0.7, 0.89)]"
93,"[(0.55, 0.96), (0.16, 0.33), (0.79, 0.29)]","[(0.5475441956090787, 0.9609847336428716), (0.13078773548107706, 0.3218870424788448), (0.7769510476918494, 0.31516404376482077)]","[(0.92, 0.78), (0.81, 0.03), (0.51, 0.48)]"
94,"[(0.58, 0.03), (0.6, 0.34), (0.61, 0.41)]","[(0.5740163531397501, 0.037321515024576), (0.615816807240622, 0.31293526284096934), (0.6174227360408822, 0.43646682811562026)]","[(0.35, 0.42), (0.36, 0.86), (0.34, 0.56)]"
95,"[(0.21, 0.68), (0.01, 0.97), (0.96, 0.38)]","[(0.22290883191180527, 0.6796107605132998), (-0.00488857844797661, 0.9422752449922795), (0.9478178357794699, 0.38182377473199736)]","[(0.4, 0.52), (0.79, 0.11), (0.15, 0.79)]"
96,"[(0.28, 0.62), (0.23, 0.49), (0.24, 0.66)]","[(0.25207233976329063, 0.630613348472076), (0.20022517207487256, 0.4820182268722699), (0.21115638507833456, 0.6537404814627674)]","[(0.11, 0.74), (0.73, 0.26), (0.17, 0.45)]"
97,"[(0.91, 0.57), (0.37, 0.68), (1.0, 0.57)]","[(0.9330254215233263, 0.5855346298846053), (0.3581253469694661, 0.6800792652032884), (1.0121799817532982, 0.5727213737209151)]","[(0.69, 0.15), (0.73, 0.11), (0.74, 0.98)]"
98,"[(0.51, 0.99), (0.13, 0.57), (0.97, 0.68)]","[(0.5338221253579328, 0.9770027711922755), (0.14422224168365308, 0.5814413432090927), (0.9768057825921979, 0.6849558537614923)]","[(0.89, 0.74), (0.64, 0.46), (0.93, 0.53)]"
99,"[(0.33, 0.43), (0.03, 0.96), (0.28, 0.24)]","[(0.34902857937008575, 0.403803623398482), (0.04868194361557519, 0.9538483888257597), (0.25055149779745545, 0.24242890141646303)]","[(0.88, 0.84), (0.21, 0.86), (0.12, 0.72)]"
100,"[(0.75, 0.77), (0.61, 0.68), (0.37, 0.31)]","[(0.7445531014115856, 0.7955462935889068), (0.6025364785291015, 0.7012341951065936), (0.3411437144947857, 0.31657844891430964)]","[(0.65, 0.65), (0.58, 0.13), (0.11, 0.87)]"
101,"[(0.87, 1.0), (0.71, 0.36), (0.12, 0.83)]","[(0.8842052015896064, 1.0179832434858378), (0.7053345127056159, 0.33813024401601344), (0.11783995703209153, 0.8210538169344982)]","[(0.98, 0.22), (0.97, 0.23), (0.19, 0.39)]"
102,"[(0.19, 0.85), (0.08, 0.5), (0.23, 0.01)]","[(0.17566402436291578, 0.8743667783351838), (0.06547048497980244, 0.5235690346384729), (0.24099456410174439, 0.03695339409427031)]","[(0.6, 0.91), (0.24, 0.22), (0.6, 0.85)]"
103,"[(0.74, 0.48), (0.14, 0.13), (0.71, 0.35)]","[(0.7423996678664387, 0.45239536170752764), (0.14216058858828673, 0.12227808112197003), (0.6909915370269765, 0.3527875277733426)]","[(0.07, 0.66), (0.57, 0.24), (0.83, 0.19)]"
104,"[(0.82, 0.09), (0.84, 0.64), (0.74, 0.41)]","[(0.7950246357397011, 0.09218188613499076), (0.8249691561389687, 0.6132115632544908), (0.7165870296243663, 0.43990957876877285)]","[(0.32, 0.0), (0.03, 0.56), (0.88, 0.06)]"
105,"[(0.18, 0.23), (0.83, 0.95), (0.76, 0.09)]","[(0.17274045991565304, 0.25201126912010735), (0.8391129735197072, 0.9646836713591497), (0.7526928083319269, 0.08351174958800245)]","[(0.78, 0.35), (0.19, 0.56), (0.14, 0.11)]"
106,"[(0.61, 0.1), (0.41, 0.92), (0.82, 0.43)]","[(0.6031373286969797, 0.09988805343671676), (0.42392426369989855, 0.8914205753517722), (0.8470807402687752, 0.4504239971097871)]","[(0.83, 0.91), (0.27, 0.06), (0.35, 0.47)]"
107,"[(0.95, 0.88), (0.51, 0.67), (0.29, 0.85)]","[(0.9780441696156793, 0.9018928370219587), (0.5015027153032592, 0.6886448466549985), (0.27846952299346156, 0.8682060496428351)]","[(0.02, 0.43), (0.61, 0.29), (0.88, 0.97)]"
108,"[(0.33, 0.11), (0.33, 0.97), (0.94, 0.5)]","[(0.345171653862382, 0.13986996452723066), (0.3546128630484688, 0.9627961254940478), (0.9170308700932726, 0.5199288666316715)]","[(0.82, 0.1), (0.77, 0.86), (0.54, 0.82)]"
109,"[(0.06, 0.75), (0.28, 0.1), (0.15, 0.67)]","[(0.03172719080238818, 0.735439122903126), (0.29808366968404415, 0.1157794509692793), (0.17035707787173412, 0.699400433145118)]","[(0.28, 0.67), (0.55, 0.97), (0.23, 0.56)]"
110,"[(0.66, 0.14), (0.39, 0.64), (0.52, 0.14)]","[(0.6354485917865257, 0.1474778249149031), (0.4065138010109428, 0.6625542931465332), (0.5486093703536749, 0.16666718769256256)]","[(0.21, 1.0), (0.53, 0.3), (0.32, 0.59)]"
111,"[(0.43, 0.64), (0.42, 0.36), (0.18, 0.68)]","[(0.4109360643225718, 0.6321286092625363), (0.4047020464057558, 0.34838590032647065), (0.20294112155376268, 0.6552028910312726)]","[(0.45, 0.12), (0.31, 0.93), (0.21, 0.26)]"
112,"[(0.99, 0.11), (0.03, 0.72), (0.16, 0.32)]","[(0.9645146990848674, 0.11314518217952634), (0.0037061675132166357, 0.7122132013569903), (0.15514936818908895, 0.34022698575039756)]","[(0.26, 0.02), (0.79, 0.06), (0.41, 0.04)]"
113,"[(0.15, 0.73), (0.74, 0.2), (0.82, 0.61)]","[(0.1787563584643882, 0.7151567026907855), (0.7432996279724315, 0.20645522122763232), (0.839533885442781, 0.6063414498563945)]","[(0.88, 0.52), (0.7, 0.72), (0.78, 0.33)]"
114,"[(0.69, 0.26), (0.85, 0.37), (0.07, 0.22)]","[(0.6636006989060873, 0.2612507421158751), (0.8427466820744204, 0.38855402371276726), (0.0974202464590066, 0.22957960801994842)]","[(0.42, 0.8), (0.27, 0.88), (0.1, 0.63)]"
115,"[(0.1, 0.91), (0.64, 0.29), (0.41, 0.62)]","[(0.11654416616751742, 0.8900981938630336), (0.6372481914363236, 0.27115319843259894), (0.38582035834342127, 0.5927938376166872)]","[(0.08, 0.58), (0.73, 0.46), (0.69, 0.59)]"
116,"[(0.95, 0.37), (0.07, 0.09), (0.82, 0.22)]","[(0.921963370655544, 0.3982634850138105), (0.08705893031832274, 0.10191677727082248), (0.8091026979423224, 0.22350880286576497)]","[(0.8, 0.2), (0.49, 0.73), (0.28, 0.16)]"
117,"[(0.91, 0.31), (0.43, 0.57), (0.25, 0.18)]","[(0.9314284286337746, 0.30546481398145425), (0.40257536987258963, 0.5478879746395794), (0.2449347846756808, 0.16932682511322122)]","[(0.62, 0.4), (0.03, 0.65), (0.01, 0.9)]"
118,"[(0.35, 0.83), (0.2, 0.69), (0.32, 0.74)]","[(0.34759084037443216, 0.8519210832084447), (0.1918140274036228, 0.7189555918456063), (0.3426838515694236, 0.758663184832959)]","[(1.0, 0.47), (0.25, 0.2), (0.17, 0.21)]"
119,"[(0.15, 0.66), (0.74, 0.76), (0.22, 0.63)]","[(0.17145034178613136, 0.6424473436095055), (0.7666702900440737, 0.744508304309436), (0.20516327839692017, 0.6572696181323768)]","[(0.97, 0.17), (0.83, 0.12), (0.33, 0.89)]"
120,"[(0.17, 0.36), (1.0, 0.98), (0.62, 0.04)]","[(0.15551273524335035, 0.36355828282096575), (1.0192375981905644, 1.0040510434154923), (0.6168441679657568, 0.05059733028614324)]","[(0.47, 0.57), (0.19, 0.97), (0.09, 0.85)]"
121,"[(0.02, 0.95), (0.06, 0.09), (0.7, 0.97)]","[(-0.004943800063824156, 0.9644766039301942), (0.06963267961279312, 0.10807825684871201), (0.7143568695638546, 0.9461023487221439)]","[(0.94, 0.15), (0.51, 0.77), (0.12, 0.35)]"
122,"[(0.66, 0.55), (0.18, 0.36), (0.19, 0.11)]","[(0.6621632724631104, 0.5514645510025151), (0.19463692663564566, 0.34841969863733596), (0.19735337287729154, 0.1169319168815803)]","[(0.32, 0.36), (0.48, 0.74), (0.38, 0.72)]"
123,"[(0.78, 0.31), (0.52, 0.03), (0.85, 0.84)]","[(0.7777395309157255, 0.30251668960303346), (0.5152122440039701, 0.004705823704628138), (0.8215277786167093, 0.8473610400241998)]","[(0.6, 0.11), (0.79, 0.77), (0.07, 0.6)]"
124,"[(0.12, 0.02), (0.2, 0.11), (0.54, 0.46)]","[(0.12664027100116365, 0.018730841880709587), (0.17701663304946866, 0.09608551394219984), (0.541063069041392, 0.476207336728514)]","[(0.47, 0.03), (0.19, 0.49), (0.44, 0.96)]"
125,"[(0.91, 0.72), (0.6, 0.33), (0.67, 0.7)]","[(0.9209781623717994, 0.6930116442200437), (0.5930085233736473, 0.3106032720044771), (0.6490486737971081, 0.6958240691535957)]","[(0.61, 0.03), (0.57, 0.04), (0.5, 0.05)]"
126,"[(0.09, 0.24), (0.17, 0.77), (0.45, 0.24)]","[(0.08715723451927741, 0.2225766876752311), (0.19390830954173383, 0.7757045590876573), (0.4395637553930048, 0.2203278130136339)]","[(0.27, 0.08), (0.88, 0.62), (0.05, 0.34)]"
127,"[(0.78, 0.44), (0.06, 0.86), (0.99, 0.54)]","[(0.7578931053105331, 0.4280292418243908), (0.03679454316536895, 0.831716436943583), (1.0010290191976834, 0.542662431016979)]","[(0.4, 0.21), (0.65, 0.81), (0.54, 0.39)]"
128,"[(0.78, 0.25), (0.28, 0.5), (0.06, 0.11)]","[(0.7507466332456317, 0.2798877178069666), (0.26345515429301103, 0.5168604913740307), (0.038573581057080975, 0.1136253701662867)]","[(0.7, 0.73), (0.17, 0.81), (0.12, 0.71)]"
129,"[(0.86, 0.15), (0.39, 0.85), (0.74, 0.17)]","[(0.8328209028130774, 0.13007474476013528), (0.4123523377643824, 0.8276641664495397), (0.7450016249921553, 0.19527024971755483)]","[(0.58, 0.82), (0.46, 0.31), (0.07, 0.34)]"
130,"[(0.26, 0.03), (0.14, 0.02), (0.34, 0.27)]","[(0.23029015176895778, 0.0378381169446807), (0.14396698786173484, 0.004014754408932602), (0.3172852611937511, 0.29163325026237413)]","[(0.03, 0.68), (0.86, 0.43), (0.23, 0.89)]"
131,"[(0.92, 0.02), (0.34, 0.98), (0.1, 0.78)]","[(0.9047588275945613, 0.006255356001430977), (0.31016358942198247, 0.9575839327970194), (0.08177336663845933, 0.7846861479783034)]","[(0.4, 0.98), (0.16, 0.47), (0.89, 0.17)]"
132,"[(0.27, 0.68), (0.64, 0.09), (0.86, 0.79)]","[(0.29670181065433093, 0.7079117216686276), (0.6673163195859295, 0.07446594477131961), (0.8346293838867066, 0.7650105929295238)]","[(0.25, 0.94), (0.88, 0.08), (0.25, 0.67)]"
133,"[(0.59, 0.17), (0.69, 0.1), (0.67, 0.95)]","[(0.5630216315450923, 0.18713648434279373), (0.7090964034620852, 0.12865313821768587), (0.6628590720755038, 0.9341717433826412)]","[(0.53, 0.85), (0.88, 0.21), (0.94, 0.59)]"
134,"[(0.93, 0.37), (0.02, 0.53), (0.98, 0.04)]","[(0.9008064607508192, 0.39046255344164077), (0.042046395253815705, 0.5318884277139854), (0.9624504062514534, 0.011884957834013447)]","[(0.25, 0.43), (0.2, 0.5), (0.81, 0.18)]"
135,"[(0.85, 0.91), (0.2, 0.71), (0.58, 0.5)]","[(0.8760136137888147, 0.8986629986700314), (0.22837054147182123, 0.6956285596137951), (0.5595192451657839, 0.5004086002806238)]","[(0.62, 0.01), (0.18, 0.7), (0.74, 0.71)]"
136,"[(0.75, 0.91), (0.33, 0.83), (0.56, 0.75)]","[(0.7612615877295482, 0.9021920559187204), (0.35224211552130547, 0.8434718359458905), (0.5617761569279569, 0.7372154193457396)]","[(0.07, 0.97), (0.92, 0.18), (0.61, 0.33)]"
137,"[(0.56, 0.52), (0.18, 0.2), (0.77, 0.41)]","[(0.5334728559376433, 0.5431280301342188), (0.16183834124330304, 0.19440453128738183), (0.7919504534795978, 0.4282338857294059)]","[(0.71, 0.44), (0.46, 0.16), (0.06, 0.5)]"
138,"[(0.28, 0.93), (0.86, 0.33), (0.91, 0.03)]","[(0.3017457990270058, 0.9130949325351114), (0.8763314140267132, 0.3301909394262564), (0.9335430177336411, 0.045296595385842894)]","[(0.15, 0.2), (0.03, 0.25), (0.02, 0.45)]"
139,"[(0.9, 0.87), (0.34, 0.23), (0.22, 0.65)]","[(0.9277246457610329, 0.8417783343981322), (0.3559138385716775, 0.2075880438712613), (0.2093587032159083, 0.6662265223128884)]","[(0.3, 0.51), (0.35, 0.21), (0.94, 0.89)]"
140,"[(0.5, 0.61), (0.99, 0.05), (0.95, 0.54)]","[(0.4946347305020167, 0.608221486616863), (0.966377748892752, 0.03389296683525812), (0.933347685822604, 0.5387878257547073)]","[(0.27, 0.51), (0.96, 0.04), (0.03, 1.0)]"
141,"[(0.95, 0.91), (0.82, 0.63), (0.63, 0.14)]","[(0.9779000794319098, 0.9169477571811256), (0.7991653158897751, 0.6065104303175517), (0.6297676152549398, 0.1413750091704219)]","[(0.88, 0.93), (0.51, 0.24), (0.44, 0.43)]"
142,"[(0.89, 0.18), (0.03, 0.52), (0.8, 0.88)]","[(0.9194814112311821, 0.17801487996584572), (0.03510204191885187, 0.5232503873545166), (0.8209300473194676, 0.9064311658311)]","[(0.69, 0.04), (0.35, 0.6), (0.35, 0.88)]"
143,"[(0.57, 0.79), (0.51, 0.73), (0.72, 0.21)]","[(0.5712632186608813, 0.7738351557160975), (0.5127374046520232, 0.7558165965318991), (0.7090937019526335, 0.2364846179549444)]","[(0.79, 0.5), (0.04, 0.68), (0.75, 0.73)]"
144,"[(0.86, 0.46), (0.66, 0.01), (0.14, 0.38)]","[(0.8588235328237102, 0.4302902669685916), (0.6393948434245004, -0.013030047127368096), (0.16530307625364393, 0.38504435936967374)]","[(0.07, 0.58), (0.44, 0.97), (0.37, 0.14)]"
145,"[(0.93, 0.38), (0.92, 0.02), (0.0, 0.69)]","[(0.9208724434796262, 0.3613087883455263), (0.9406976707210372, 0.04226930507179408), (-0.016921490332048185, 0.7066222155064962)]","[(0.18, 0.13), (0.29, 0.8), (0.18, 0.0)]"
146,"[(0.05, 0.5), (0.75, 0.47), (0.83, 0.02)]","[(0.04867933020190297, 0.4709449022389145), (0.726697107460532, 0.4613324438648801), (0.827619536949675, 0.04743474134867806)]","[(0.02, 0.39), (0.69, 0.27), (0.96, 0.97)]"
147,"[(0.13, 0.28), (0.64, 0.81), (0.35, 0.33)]","[(0.10274120645699401, 0.30207260694235694), (0.6483416506347361, 0.7824420818552917), (0.33279869707155035, 0.31028685045035)]","[(0.31, 0.75), (0.4, 0.7), (0.98, 0.29)]"
148,"[(0.24, 0.78), (0.98, 0.5), (0.94, 0.44)]","[(0.24088147731517554, 0.8017059821247696), (0.9571942491737164, 0.47990993937527066), (0.9519899123068415, 0.4590166543054318)]","[(0.93, 0.88), (0.41, 0.57), (0.71, 0.69)]"
149,"[(0.84, 0.55), (0.66, 0.97), (0.06, 0.86)]","[(0.8627209692593121, 0.5290736777857825), (0.634880009379569, 0.9589109151422152), (0.056297710234574236, 0.8769374417696945)]","[(0.38, 0.38), (0.61, 0.13), (0.15, 0.61)]"
150,"[(0.56, 0.51), (0.93, 0.63), (0.68, 0.43)]","[(0.5724272579981495, 0.5310085944098151), (0.9261025747442195, 0.6124545759823977), (0.6784928054777052, 0.4027956560588627)]","[(0.13, 0.35), (0.07, 0.08), (0.36, 0.24)]"
151,"[(0.3, 0.07), (0.02, 0.54), (0.71, 0.34)]","[(0.32169201162537986, 0.08793193403044018), (0.0011661581952560028, 0.5253386313888112), (0.7322042485899717, 0.3298238507226518)]","[(0.14, 0.15), (0.95, 0.63), (0.01, 0.53)]"
152,"[(0.86, 0.11), (0.44, 0.73), (0.68, 0.73)]","[(0.8823659886671793, 0.11660583375579797), (0.456055888481464, 0.741218363305375), (0.6507033045341837, 0.7226392631952241)]","[(0.08, 0.28), (0.58, 0.33), (0.52, 0.1)]"
153,"[(0.83, 0.83), (0.6, 0.13), (0.79, 0.35)]","[(0.8487626497571923, 0.8341960986498586), (0.6215420831856656, 0.14889660107348007), (0.7968182588463744, 0.3536675325468935)]","[(0.8, 0.69), (0.36, 0.53), (0.48, 0.9)]"
154,"[(0.67, 0.87), (0.21, 0.0), (0.91, 0.32)]","[(0.6587188479012014, 0.8939323923442254), (0.20180461198460023, 0.0035484538900956153), (0.8979892176814944, 0.3342764656973673)]","[(0.09, 0.25), (0.21, 0.72), (0.52, 0.2)]"
155,"[(1.0, 0.9), (0.19, 0.99), (0.41, 0.01)]","[(0.9705984673176287, 0.9285988448123925), (0.1832589303016776, 1.0004824565910544), (0.39528078398844196, 0.0014937399963678)]","[(0.53, 0.84), (0.15, 0.76), (0.77, 0.68)]"
156,"[(0.23, 0.41), (0.64, 0.08), (0.6, 0.37)]","[(0.24385443381268124, 0.39812630321897274), (0.6426667792819537, 0.0625255691766052), (0.5810689993489527, 0.3478831692271967)]","[(0.47, 0.18), (0.44, 0.41), (0.07, 0.86)]"
157,"[(0.68, 0.13), (0.42, 0.81), (0.13, 0.62)]","[(0.6695736525257097, 0.10250907468574115), (0.44506804061434296, 0.7820064031309305), (0.143653568105664, 0.632008111768793)]","[(0.63, 0.68), (0.09, 0.54), (0.0, 0.3)]"
158,"[(0.11, 0.78), (0.32, 0.32), (0.55, 0.43)]","[(0.12235077225150912, 0.8096636522275382), (0.33572436003551437, 0.3407187511348976), (0.5241082565962066, 0.4577240590616584)]","[(0.6, 0.61), (0.23, 0.49), (0.79, 0.04)]"
159,"[(0.8, 0.9), (0.27, 0.55), (0.49, 0.49)]","[(0.7804854006103611, 0.8827624311224076), (0.24172208843899196, 0.5277767036073062), (0.5044360271764747, 0.486916561616577)]","[(0.93, 0.31), (0.45, 0.52), (0.51, 0.44)]"
160,"[(0.54, 0.03), (0.27, 0.95), (0.93, 0.55)]","[(0.5542486722192919, 0.023025126934171535), (0.2542540088131026, 0.9749633577711687), (0.9002551510256973, 0.5755241709395879)]","[(0.97, 0.36), (0.94, 0.16), (0.18, 0.96)]"
161,"[(0.6, 0.61), (0.05, 0.31), (0.25, 0.42)]","[(0.5990800349192253, 0.5819299776918014), (0.032122066394820306, 0.33167051384103324), (0.23219091099675665, 0.41144598767813745)]","[(0.34, 0.05), (0.66, 0.23), (0.32, 0.72)]"
162,"[(0.97, 0.38), (0.36, 0.72), (0.17, 0.71)]","[(0.9835180317333074, 0.38871330530079556), (0.3734914407611044, 0.7324596345285812), (0.1935447665052588, 0.6922712913313509)]","[(0.71, 0.95), (0.72, 0.13), (0.2, 0.21)]"
163,"[(0.17, 0.75), (0.46, 0.91), (0.76, 0.27)]","[(0.16345269330841816, 0.7772727501276204), (0.47433098663520673, 0.9021378038954346), (0.7867030547276579, 0.2523180734161745)]","[(0.92, 0.33), (0.3, 0.53), (0.59, 0.09)]"
164,"[(0.89, 0.71), (0.62, 0.23), (0.69, 0.07)]","[(0.8866214415992397, 0.7215172366594589), (0.6175438296979741, 0.20658165526533637), (0.7061508840651498, 0.09696084283280317)]","[(0.23, 0.6), (0.06, 0.69), (0.29, 0.66)]"
165,"[(0.77, 0.99), (0.82, 0.2), (0.0, 0.07)]","[(0.7424851160854387, 0.9939508743124529), (0.813946867597514, 0.2045188176350547), (-0.0065483356692910485, 0.06391598959716462)]","[(0.69, 0.48), (0.02, 0.44), (0.56, 0.78)]"
166,"[(0.09, 0.32), (0.07, 0.03), (0.83, 0.64)]","[(0.08889635009925485, 0.3460008475314777), (0.05382004594880005, 0.020346121878730198), (0.8032232460683202, 0.6485628547910315)]","[(0.59, 0.33), (0.64, 0.38), (0.05, 0.38)]"
167,"[(0.95, 0.9), (0.35, 0.69), (0.14, 0.21)]","[(0.9722788174857191, 0.9029124439328167), (0.3742667033186592, 0.7047648444004728), (0.111063595505127, 0.2367838903463801)]","[(0.52, 0.7), (0.28, 0.65), (0.54, 0.61)]"
168,"[(0.86, 0.2), (0.85, 0.46), (0.9, 0.51)]","[(0.8516735435867027, 0.18967586204916942), (0.8424470985174933, 0.48366067950179237), (0.9110735418288538, 0.5070332048746943)]","[(0.65, 0.75), (0.21, 0.27), (0.1, 0.23)]"
169,"[(0.57, 0.27), (0.8, 0.54), (0.32, 0.35)]","[(0.5575238323193648, 0.2868545517726915), (0.8037759440304492, 0.5474179142387516), (0.30927183827250765, 0.351667395524027)]","[(0.96, 0.09), (0.26, 0.98), (0.18, 0.14)]"
170,"[(0.32, 0.31), (0.82, 0.81), (0.59, 0.97)]","[(0.31101840996861035, 0.32476074937685434), (0.8467589006700369, 0.7957488873077145), (0.5600868431490292, 0.9600932455112227)]","[(0.31, 0.0), (0.07, 0.82), (0.04, 0.91)]"
171,"[(0.1, 0.43), (0.03, 0.83), (0.02, 0.9)]","[(0.1251729351333199, 0.45203098028294675), (0.02354957606662162, 0.8315130195295749), (0.02280502797142959, 0.8834031174751187)]","[(0.53, 0.72), (0.51, 0.32), (0.75, 0.75)]"
172,"[(0.11, 0.76), (0.88, 0.76), (0.57, 0.75)]","[(0.12827694207088916, 0.7812421982144802), (0.8986094684345078, 0.7734961121500661), (0.5594013457767343, 0.773225990189642)]","[(0.42, 0.34), (0.92, 0.79), (0.35, 0.52)]"
173,"[(0.02, 0.91), (0.95, 0.54), (0.1, 0.4)]","[(0.04601171742770288, 0.8992512745667596), (0.9246837138033599, 0.538053973988574), (0.09532835971370113, 0.3858553067615493)]","[(0.93, 0.85), (0.9, 0.88), (0.91, 0.45)]"
174,"[(0.61, 0.69), (0.29, 0.96), (0.71, 0.45)]","[(0.6315300704670148, 0.671603650938616), (0.26386593240558204, 0.9692549803006292), (0.7311530146382059, 0.4431051369181352)]","[(0.37, 0.4), (0.88, 0.91), (0.03, 0.47)]"
175,"[(0.81, 0.66), (0.75, 1.0), (0.33, 0.75)]","[(0.7863814573553477, 0.647014189993446), (0.7483951436460713, 1.0079734543645893), (0.3133411483658683, 0.7226994684310818)]","[(0.62, 0.71), (0.56, 0.34), (0.08, 0.66)]"
176,"[(0.38, 0.63), (0.21, 0.5), (0.92, 0.3)]","[(0.362335682180188, 0.6477063080860492), (0.19791732187062025, 0.49284111183223805), (0.9024894735140543, 0.32343634662206616)]","[(0.61, 0.37), (0.26, 0.32), (0.1, 0.45)]"
177,"[(0.29, 0.05), (0.83, 0.92), (0.76, 0.01)]","[(0.31417791482141877, 0.05044726157129884), (0.8582733996641089, 0.9005299044769806), (0.7300361607419751, 0.01911523294614728)]","[(0.05, 0.39), (0.18, 0.59), (0.87, 0.25)]"
178,"[(0.38, 0.56), (0.64, 0.77), (0.6, 0.88)]","[(0.3806079370671656, 0.5707183824715307), (0.6634823998724784, 0.7841473154721065), (0.6201940648430347, 0.88608828477412)]","[(0.17, 0.76), (0.29, 0.94), (0.2, 0.26)]"
179,"[(0.12, 0.04), (0.55, 0.6), (0.23, 0.19)]","[(0.14293182124163167, 0.06037165850691253), (0.5528194523979063, 0.6196547781463582), (0.24263367897473212, 0.18627337183967035)]","[(0.05, 0.87), (0.43, 0.51), (0.74, 0.04)]"
180,"[(0.91, 0.13), (0.9, 0.84), (0.32, 0.22)]","[(0.9289416268695719, 0.13833095167742077), (0.8857337531503713, 0.8553386870700186), (0.30248083927244357, 0.22559557269988056)]","[(0.75, 0.17), (0.09, 0.58), (0.89, 0.62)]"
181,"[(0.51, 0.04), (0.21, 0.41), (0.78, 0.04)]","[(0.5333600354788284, 0.06269208998863549), (0.21805599223035527, 0.4178822314789661), (0.7615930477809107, 0.06581484301797194)]","[(0.87, 0.43), (0.4, 1.0), (0.24, 0.77)]"
182,"[(0.29, 0.67), (0.73, 0.42), (0.94, 0.47)]","[(0.3077459856951326, 0.6560915245146884), (0.7389891470042874, 0.3915406148561297), (0.9572376282979608, 0.47411795667687445)]","[(0.07, 0.62), (0.86, 0.45), (0.83, 0.44)]"
183,"[(0.58, 0.49), (0.81, 0.63), (0.6, 0.46)]","[(0.5927858644373131, 0.5047109068053526), (0.8353623688371361, 0.657367394690847), (0.5924178973328582, 0.4407996468429639)]","[(0.94, 0.25), (0.39, 0.19), (0.24, 0.22)]"
184,"[(0.79, 0.82), (0.89, 0.27), (0.61, 0.26)]","[(0.7684250297082211, 0.8200108417035042), (0.9104155518984677, 0.2904957617860905), (0.595299022021415, 0.2757740104833348)]","[(0.11, 0.9), (0.06, 0.25), (0.52, 0.46)]"
185,"[(0.12, 0.02), (0.83, 0.71), (0.49, 0.04)]","[(0.1144334876346527, 0.0021318569927914616), (0.8280661483978248, 0.7390827691483496), (0.5196113851155205, 0.029629403162798544)]","[(0.63, 0.34), (0.4, 0.52), (0.98, 0.24)]"
186,"[(0.15, 0.31), (0.14, 0.28), (0.39, 0.3)]","[(0.15696974106883244, 0.3071979872042265), (0.15330557580606774, 0.26390274183145346), (0.41531826417181594, 0.31062520749852957)]","[(0.57, 0.8), (0.16, 0.3), (0.43, 0.94)]"
187,"[(0.81, 0.84), (0.53, 0.72), (0.26, 0.39)]","[(0.8343687205166157, 0.8699670662164181), (0.5181282426469921, 0.7467802431541831), (0.2505957229223547, 0.3766889335346662)]","[(0.9, 0.8), (0.01, 0.74), (0.3, 0.82)]"
188,"[(0.44, 0.65), (0.67, 0.38), (0.31, 0.26)]","[(0.4129983847994951, 0.6448603334995233), (0.6957092692569822, 0.3516870165541794), (0.3209315616341459, 0.23732045980814667)]","[(0.48, 0.89), (0.19, 0.12), (0.72, 0.25)]"
189,"[(0.13, 0.38), (0.2, 0.16), (0.77, 0.56)]","[(0.14114820916539522, 0.3913605716250443), (0.20517447286611518, 0.15565926516770634), (0.7459302379249935, 0.5564949398321254)]","[(0.98, 0.62), (0.87, 0.89), (0.17, 0.92)]"
190,"[(0.18, 0.73), (0.12, 0.19), (0.46, 0.92)]","[(0.20410660616336335, 0.7346345246973495), (0.11807877498581827, 0.16743512818028405), (0.4679969379098564, 0.907612884596331)]","[(0.54, 0.7), (0.46, 0.65), (0.19, 0.08)]"
191,"[(0.68, 0.56), (0.47, 0.92), (0.34, 0.26)]","[(0.7021533180248625, 0.5689195359298378), (0.468184341854891, 0.9399749849959866), (0.3643464078785419, 0.26242194119545703)]","[(0.99, 0.02), (0.82, 0.14), (0.82, 0.87)]"
192,"[(0.5, 0.07), (0.09, 0.5), (0.9, 0.38)]","[(0.48349265197329644, 0.07304867074305854), (0.09654035398470084, 0.5220602564880419), (0.8890684238205708, 0.3892350102470608)]","[(0.98, 0.11), (0.76, 0.38), (0.59, 0.13)]"
193,"[(0.85, 0.37), (0.29, 0.22), (0.43, 0.53)]","[(0.8631576811098367, 0.3591624074860543), (0.3187311906607506, 0.19006588348013026), (0.4383730048719738, 0.5522965427735096)]","[(0.38, 0.45), (0.53, 0.69), (0.38, 0.58)]"
194,"[(0.44, 0.93), (0.82, 0.55), (0.37, 0.82)]","[(0.45098166356351643, 0.9458859346956), (0.8362670697801479, 0.5728703121895903), (0.3785031345658483, 0.793417925919488)]","[(0.17, 0.35), (0.76, 0.36), (0.91, 0.69)]"
195,"[(0.28, 0.39), (0.99, 0.93), (0.7, 0.97)]","[(0.2918703636746913, 0.3945461920242987), (1.0088535808825312, 0.9528545948934273), (0.683177745393753, 0.9804796507816701)]","[(0.53, 0.72), (0.23, 0.33), (0.12, 0.17)]"
196,"[(0.7, 0.11), (1.0, 0.08), (0.22, 0.24)]","[(0.6880008357976809, 0.1218951847138626), (0.9916309194251939, 0.07402796497282027), (0.2382014841178485, 0.25957080604637456)]","[(0.54, 0.85), (0.22, 0.05), (0.26, 0.48)]"
197,"[(0.31, 0.82), (0.96, 0.13), (0.28, 0.95)]","[(0.33935643655843084, 0.8213772973091247), (0.9473508937248022, 0.1337157071769517), (0.2891136186995187, 0.9361567312969068)]","[(0.14, 0.41), (0.05, 0.72), (0.46, 0.7)]"
198,"[(0.67, 0.66), (0.69, 0.23), (0.52, 0.15)]","[(0.6640758630896888, 0.6380055961817729), (0.694904415698538, 0.22095860734420017), (0.5436756619859046, 0.17550223015766964)]","[(0.66, 0.12), (0.49, 0.19), (0.85, 0.29)]"
199,"[(0.99, 0.69), (0.27, 0.11), (0.36, 0.87)]","[(1.0052964901444716, 0.6981353859930611), (0.24796219617440926, 0.08841274580230965), (0.35922050853565807, 0.8610836706110185)]","[(0.85, 0.26), (0.74, 0.78), (0.16, 0.92)]"
